#
# This list is used by git-shortlog to fix a few botched name translations
# in the git archive, either because the author's full name was messed up
# and/or not always written the same way, making contributions from the
# same person appearing not to be so.
#

Arnaud Degroote <arnaud.degroote@laas.fr> Degroote <adegroot@tournefeuille>
Arnaud Degroote <arnaud.degroote@laas.fr> Arnaud Degroote <arnaud.degroote@isae-supaero.fr>
Arnaud Degroote <arnaud.degroote@laas.fr> Arnaud Degroote <arnaud.degroote@isae.fr>
Charles Lesire-Cabaniols <charles.lesire@onera.fr> Charles Lesire <charles.lesire@onera.fr>
Cyril Robin <cyril.robin@laas.fr>
David Hodo <david.hodo@gmail.com>
Denis Stogl <denisstogl@gmail.com> Denis <denisstogl@gmail.com>
Denis Stogl <denisstogl@gmail.com> Denis Stogl <denis@kit>
Felix Ruess <felix.ruess@dlr.de> Felix Ruess <felix.ruess@gmail.com>
Gilberto Echeverria <gilberto.echeverria@laas.fr> Gilberto Echeverria <gechever@goedel.laas.fr>
Gilberto Echeverria <gilberto.echeverria@laas.fr> Gilberto Echeverria <gechever@jaures.laas.fr>
Gilberto Echeverria <gilberto.echeverria@laas.fr> Gilberto Echeverria <gechever@laas.fr>
Gilberto Echeverria <gilberto.echeverria@laas.fr> Gilberto Echeverria <gechever@lardenne.laas.fr>
Gilberto Echeverria <gilberto.echeverria@laas.fr> Gilberto Echeverria <gechever@samus.(none)>
Gilberto Echeverria <gilberto.echeverria@laas.fr> Gilberto Echeverria <gechever@samus.laas.fr>
Gilberto Echeverria <gilberto.echeverria@laas.fr> Gilberto Echeverria <gechever@thor.(none)>
Gilberto Echeverria <gilberto.echeverria@laas.fr> Gilberto Echeverria <gilberto@FlareCarmine.gamer.com>
Gilberto Echeverria <gilberto.echeverria@laas.fr> Gilberto Echeverria <gilberto@FlareCarmine.site>
Gilberto Echeverria <gilberto.echeverria@laas.fr> gilecheverria <gilbertoef@gmail.com>
Gregoire Milliez <gregoire.milliez@laas.fr> Gregoire Milliez <gregoire.milliez@gmail.com>
Lorenz Moesenlechner <moesenle@in.tum.de>
Mamoun Gharbi <magharbi@laas.fr>
Michael Karg <kargm@in.tum.de> Michael Karg <kargm@lapbeetz13>
Michael Karg <kargm@in.tum.de> kargm <kargm@in.tum.de>
Nicolas Lassabe <nicolas.lassabe@onera.fr> Nicolas Lassabe <lassabe@artilect.fr>
Nicolas Lassabe <nicolas.lassabe@onera.fr> Nicolas Lassabe <nlassabe@wdcsd812h.cert.fr>
Peter Roelants <peter.roelants@gmail.com> Peter Roelants <peterroelants@Xochipilli.local>
Pierrick Koch <pierrick.koch@gmail.com> pierriko <pierrick.koch@gmail.com>
Redouane Boumghar <redouane.boumghar@laas.fr>
Sebastian Schmidt <sb_schmidt_r@mytum.de>
Serge Stinckwich <Serge.Stinckwich@gmail.com>
Simon Lacroix <simon.lacroix@laas.fr>
Sinan Mouline <smouline@lardenne.laas.fr>
Spencer Jackson <spencerandrewjackson@gmail.com>
Sylvestre Ledru <sylvestre.ledru@scilab-enterprises.com>
Séverin Lemaignan <severin.lemaignan@laas.fr> Severin Lemaignan <severin.lemaignan@laas.fr>
Séverin Lemaignan <severin.lemaignan@laas.fr> Severin Lemaignan <slemaign@goedel>
Séverin Lemaignan <severin.lemaignan@laas.fr> LAAS-CNRS <slemaign@laas.fr>
Séverin Lemaignan <severin.lemaignan@laas.fr> Séverin Lemaignan <skadge@gmail.com>
Séverin Lemaignan <severin.lemaignan@laas.fr> Séverin Lemaignan <severin.lemaignan@epfl.ch>
Séverin Lemaignan <severin.lemaignan@laas.fr> Séverin Lemaignan <severin.lemaignan@plymouth.ac.uk>
Séverin Lemaignan <severin.lemaignan@laas.fr> Séverin Lemaignan <severin@guakamole.org>
